Code,ISO_A3
4,AFG
248,ALA
8,ALB
12,DZA
16,ASM
20,AND
24,AGO
660,AIA
28,ATG
32,ARG
51,ARM
533,ABW
36,AUS
40,AUT
31,AZE
44,BHS
48,BHR
50,BGD
52,BRB
112,BLR
56,BEL
84,BLZ
204,BEN
60,BMU
64,BTN
68,BOL
535,BES
70,BIH
72,BWA
76,BRA
92,VGB
96,BRN
100,BGR
854,BFA
108,BDI
132,CPV
116,KHM
120,CMR
124,CAN
136,CYM
140,CAF
148,TCD
830,
152,CHL
156,CHN
344,HKG
446,MAC
170,COL
174,COM
178,COG
184,COK
188,CRI
384,CIV
191,HRV
192,CUB
531,CUW
196,CYP
203,CZE
408,PRK
180,COD
208,DNK
262,DJI
212,DMA
214,DOM
218,ECU
818,EGY
222,SLV
226,GNQ
232,ERI
233,EST
231,ETH
234,FRO
238,FLK
242,FJI
246,FIN
250,FRA
254,GUF
258,PYF
266,GAB
270,GMB
268,GEO
276,DEU
288,GHA
292,GIB
300,GRC
304,GRL
308,GRD
312,GLP
316,GUM
320,GTM
831,GGY
324,GIN
624,GNB
328,GUY
332,HTI
336,VAT
340,HND
348,HUN
352,ISL
356,IND
360,IDN
364,IRN
368,IRQ
372,IRL
833,IMN
376,ISR
380,ITA
388,JAM
392,JPN
832,JEY
400,JOR
398,KAZ
404,KEN
296,KIR
414,KWT
417,KGZ
418,LAO
428,LVA
422,LBN
426,LSO
430,LBR
434,LBY
438,LIE
440,LTU
442,LUX
450,MDG
454,MWI
458,MYS
462,MDV
466,MLI
470,MLT
584,MHL
474,MTQ
478,MRT
480,MUS
175,MYT
484,MEX
583,FSM
492,MCO
496,MNG
499,MNE
500,MSR
504,MAR
508,MOZ
104,MMR
516,NAM
520,NRU
524,NPL
528,NLD
540,NCL
554,NZL
558,NIC
562,NER
566,NGA
570,NIU
574,NFK
580,MNP
578,NOR
512,OMN
586,PAK
585,PLW
591,PAN
598,PNG
600,PRY
604,PER
608,PHL
612,PCN
616,POL
620,PRT
630,PRI
634,QAT
410,KOR
498,MDA
638,REU
642,ROU
643,RUS
646,RWA
652,BLM
654,SHN
659,KNA
662,LCA
663,MAF
666,SPM
670,VCT
882,WSM
674,SMR
678,STP
680,
682,SAU
686,SEN
688,SRB
690,SYC
694,SLE
702,SGP
534,SXM
703,SVK
705,SVN
90,SLB
706,SOM
710,ZAF
728,SSD
724,ESP
144,LKA
275,PSE
729,SDN
740,SUR
744,SJM
748,SWZ
752,SWE
756,CHE
760,SYR
762,TJK
764,THA
807,MKD
626,TLS
768,TGO
772,TKL
776,TON
780,TTO
788,TUN
792,TUR
795,TKM
796,TCA
798,TUV
800,UGA
804,UKR
784,ARE
826,GBR
834,TZA
840,USA
850,VIR
858,URY
860,UZB
548,VUT
862,VEN
704,VNM
876,WLF
732,ESH
887,YEM
894,ZMB
716,ZWE