{"Albania":0,"Algeria":0,"Angola":0,"ATG":0,"Argentina":0,"Armenia":0,"Australia":0,"Austria":0,"Azerbaijan":0,"Bahamas":0,"Bangladesh":0,"Belarus":0,"Belgium":0,"Benin":0,"Bhutan":0,"Bolivia":0,"Bosnia and Herz.":0,"Botswana":0,"Brazil":0,"Brunei":0,"Bulgaria":0,"Burkina Faso":0,"Burundi":0,"Cambodia":0,"Cameroon":0,"Canada":0,"CPV":0,"CSS":0,"Central African Rep.":0,"Chad":0,"Chile":0,"China":2,"Colombia":0,"COM":0,"ZAR":0,"Congo":0,"Costa Rica":0,"C?te d'Ivoire":0,"Croatia":0,"Cyprus":0,"Czech Rep.":0,"Denmark":0,"DMA":0,"Dominican Rep.":0,"Ecuador":0,"Egypt":0,"El Salvador":0,"Eq. Guinea":0,"Eritrea":0,"Estonia":0,"Ethiopia":0,"ECA":0,"Fiji":0,"Finland":0,"France":0,"Gabon":0,"Gambia":0,"Georgia":0,"Germany":1,"Ghana":0,"Greece":0,"GRD":0,"Guatemala":0,"Guinea":0,"Guinea-Bissau":0,"Guyana":0,"Haiti":0,"HPC":0,"NOC":1,"Honduras":0,"HKG":0,"Hungary":0,"Iceland":0,"India":0,"Indonesia":0,"Iraq":0,"Ireland":0,"Italy":0,"Jamaica":0,"Japan":1,"Jordan":0,"Kazakhstan":0,"Kenya":0,"KIR":0,"Korea":0,"KSV":0,"Kyrgyzstan":0,"Lao PDR":0,"LCN":1,"LAC":1,"Latvia":0,"LDC":0,"Lebanon":0,"Lesotho":0,"Liberia":0,"Lithuania":0,"LIC":0,"LMC":1,"Luxembourg":0,"MAC":0,"Macedonia":0,"Madagascar":0,"Malawi":0,"Malaysia":0,"MDV":0,"Mali":0,"MLT":0,"MHL":0,"Mauritania":0,"MUS":0,"Mexico":0,"FSM":0,"Moldova":0,"Mongolia":0,"MNE":0,"Morocco":0,"Mozambique":0,"Namibia":0,"Nepal":0,"Netherlands":0,"New Zealand":0,"Nicaragua":0,"Niger":0,"Nigeria":0,"Norway":0,"OSS":0,"PSS":0,"Pakistan":0,"PLW":0,"Panama":0,"Papua New Guinea":0,"Paraguay":0,"Peru":0,"Philippines":0,"Poland":0,"Portugal":0,"Puerto Rico":0,"ROM":0,"Russia":0,"Rwanda":0,"WSM":0,"STP":0,"Saudi Arabia":0,"Senegal":0,"SRB":0,"SYC":0,"Sierra Leone":0,"SGP":0,"Slovakia":0,"Slovenia":0,"SST":0,"Solomon Is.":0,"South Africa":0,"SAS":0,"SSD":0,"Spain":0,"Sri Lanka":0,"KNA":0,"LCA":0,"VCT":0,"SSF":0,"SSA":0,"Sudan":0,"Suriname":0,"Swaziland":0,"Sweden":0,"Switzerland":0,"Syria":0,"Tajikistan":0,"Tanzania":0,"Thailand":0,"TMP":0,"Togo":0,"TON":0,"Trinidad and Tobago":0,"Tunisia":0,"Turkey":0,"Turkmenistan":0,"TUV":0,"Uganda":0,"Ukraine":0,"United Kingdom":0,"United States":4,"Uruguay":0,"Uzbekistan":0,"Vanuatu":0,"Venezuela":0,"Vietnam":0,"Yemen":0,"Zambia":0,"Zimbabwe":0}
