{"Afghanistan":{"cname":"阿富汗","iso_a3":"AFG","code":"04"},"Angola":{"cname":"安哥拉","iso_a3":"AGO","code":"24"},"Albania":{"cname":"阿尔巴尼亚","iso_a3":"ALB","code":"08"},"United Arab Emirates":{"cname":"阿联酋","iso_a3":"ARE","code":"784"},"Argentina":{"cname":"阿根廷","iso_a3":"ARG","code":"32"},"Armenia":{"cname":"亚美尼亚","iso_a3":"ARM","code":"51"},"Antarctica":{"cname":"南极洲","iso_a3":"ATA","code":"10"},"Fr. S. Antarctic Lands":{"cname":"法属南部领土","iso_a3":"ATF","code":"260"},"Australia":{"cname":"澳大利亚","iso_a3":"AUS","code":"36"},"Austria":{"cname":"奥地利","iso_a3":"AUT","code":"40"},"Azerbaijan":{"cname":"阿塞拜疆","iso_a3":"AZE","code":"31"},"Burundi":{"cname":"布隆迪","iso_a3":"BDI","code":"108"},"Belgium":{"cname":"比利时","iso_a3":"BEL","code":"56"},"Benin":{"cname":"贝宁","iso_a3":"BEN","code":"204"},"Burkina Faso":{"cname":"布基纳法索","iso_a3":"BFA","code":"854"},"Bangladesh":{"cname":"孟加拉国","iso_a3":"BGD","code":"50"},"Bulgaria":{"cname":"保加利亚","iso_a3":"BGR","code":"100"},"Bahamas":{"cname":"巴哈马","iso_a3":"BHS","code":"44"},"Bosnia and Herz.":{"cname":"波黑","iso_a3":"BIH","code":"70"},"Belarus":{"cname":"白俄罗斯","iso_a3":"BLR","code":"112"},"Belize":{"cname":"伯利兹","iso_a3":"BLZ","code":"84"},"Bolivia":{"cname":"玻利维亚","iso_a3":"BOL","code":"68"},"Brazil":{"cname":"巴西","iso_a3":"BRA","code":"76"},"Brunei":{"cname":"文莱","iso_a3":"BRN","code":"96"},"Bhutan":{"cname":"不丹","iso_a3":"BTN","code":"64"},"Botswana":{"cname":"博茨瓦纳","iso_a3":"BWA","code":"72"},"Central African Rep.":{"cname":"中非","iso_a3":"CAF","code":"140"},"Canada":{"cname":"加拿大","iso_a3":"CAN","code":"124"},"Switzerland":{"cname":"瑞士","iso_a3":"CHE","code":"756"},"Chile":{"cname":"智利","iso_a3":"CHL","code":"152"},"China":{"cname":"中国","iso_a3":"CHN","code":"156"},"C?te d'Ivoire":{"cname":"科特迪瓦","iso_a3":"CIV","code":"384"},"Cameroon":{"cname":"喀麦隆","iso_a3":"CMR","code":"120"},"Dem. Rep. Congo":{"cname":"刚果（金）","iso_a3":"COD","code":"180"},"Congo":{"cname":"刚果（布）","iso_a3":"COG","code":"178"},"Colombia":{"cname":"哥伦比亚","iso_a3":"COL","code":"170"},"Costa Rica":{"cname":"哥斯达黎加","iso_a3":"CRI","code":"188"},"Cuba":{"cname":"古巴","iso_a3":"CUB","code":"192"},"Cyprus":{"cname":"塞浦路斯","iso_a3":"CYP","code":"196"},"Czech Rep.":{"cname":"捷克","iso_a3":"CZE","code":"203"},"Germany":{"cname":"德国","iso_a3":"DEU","code":"276"},"Djibouti":{"cname":"吉布提","iso_a3":"DJI","code":"262"},"Denmark":{"cname":"丹麦","iso_a3":"DNK","code":"208"},"Dominican Rep.":{"cname":"多米尼加共和国","iso_a3":"DOM","code":"214"},"Algeria":{"cname":"阿尔及利亚","iso_a3":"DZA","code":"12"},"Ecuador":{"cname":"厄瓜多尔","iso_a3":"ECU","code":"218"},"Egypt":{"cname":"埃及","iso_a3":"EGY","code":"818"},"Eritrea":{"cname":"厄立特里亚","iso_a3":"ERI","code":"232"},"Spain":{"cname":"西班牙","iso_a3":"ESP","code":"724"},"Estonia":{"cname":"爱沙尼亚","iso_a3":"EST","code":"233"},"Ethiopia":{"cname":"埃塞俄比亚","iso_a3":"ETH","code":"231"},"Finland":{"cname":"芬兰","iso_a3":"FIN","code":"246"},"Fiji":{"cname":"斐济","iso_a3":"FJI","code":"242"},"Falkland Is.":{"cname":"福克兰群岛(马尔维纳斯)","iso_a3":"FLK","code":"238"},"France":{"cname":"法国","iso_a3":"FRA","code":"250"},"Gabon":{"cname":"加蓬","iso_a3":"GAB","code":"266"},"United Kingdom":{"cname":"英国","iso_a3":"GBR","code":"826"},"Georgia":{"cname":"格鲁吉亚","iso_a3":"GEO","code":"268"},"Ghana":{"cname":"加纳","iso_a3":"GHA","code":"288"},"Guinea":{"cname":"几内亚","iso_a3":"GIN","code":"324"},"Gambia":{"cname":"冈比亚Gambia","iso_a3":"GMB","code":"270"},"Guinea-Bissau":{"cname":"几内亚比绍","iso_a3":"GNB","code":"624"},"Eq. Guinea":{"cname":"赤道几内亚","iso_a3":"GNQ","code":"226"},"Greece":{"cname":"希腊","iso_a3":"GRC","code":"300"},"Greenland":{"cname":"格陵兰","iso_a3":"GRL","code":"304"},"Guatemala":{"cname":"危地马拉","iso_a3":"GTM","code":"320"},"Guyana":{"cname":"圭亚那","iso_a3":"GUY","code":"328"},"Honduras":{"cname":"洪都拉斯","iso_a3":"HND","code":"340"},"Croatia":{"cname":"克罗地亚","iso_a3":"HRV","code":"191"},"Haiti":{"cname":"海地","iso_a3":"HTI","code":"332"},"Hungary":{"cname":"匈牙利","iso_a3":"HUN","code":"348"},"Indonesia":{"cname":"印度尼西亚","iso_a3":"IDN","code":"360"},"India":{"cname":"印度","iso_a3":"IND","code":"699"},"Ireland":{"cname":"爱尔兰","iso_a3":"IRL","code":"372"},"Iran":{"cname":"伊朗","iso_a3":"IRN","code":"364"},"Iraq":{"cname":"伊拉克","iso_a3":"IRQ","code":"368"},"Iceland":{"cname":"冰岛","iso_a3":"ISL","code":"352"},"Israel":{"cname":"以色列","iso_a3":"ISR","code":"376"},"Italy":{"cname":"意大利","iso_a3":"ITA","code":"380"},"Jamaica":{"cname":"牙买加","iso_a3":"JAM","code":"388"},"Jordan":{"cname":"约旦","iso_a3":"JOR","code":"400"},"Japan":{"cname":"日本","iso_a3":"JPN","code":"392"},"Kazakhstan":{"cname":"哈萨克斯坦","iso_a3":"KAZ","code":"398"},"Kenya":{"cname":"肯尼亚","iso_a3":"KEN","code":"404"},"Kyrgyzstan":{"cname":"吉尔吉斯斯坦","iso_a3":"KGZ","code":"417"},"Cambodia":{"cname":"柬埔寨","iso_a3":"KHM","code":"116"},"Korea":{"cname":"韩国","iso_a3":"KOR","code":"410"},"Kuwait":{"cname":"科威特","iso_a3":"KWT","code":"414"},"Lao PDR":{"cname":"老挝","iso_a3":"LAO","code":"418"},"Lebanon":{"cname":"黎巴嫩","iso_a3":"LBN","code":"422"},"Liberia":{"cname":"利比里亚","iso_a3":"LBR","code":"430"},"Libya":{"cname":"利比亚","iso_a3":"LBY","code":"434"},"Sri Lanka":{"cname":"斯里兰卡","iso_a3":"LKA","code":"144"},"Lesotho":{"cname":"莱索托","iso_a3":"LSO","code":"426"},"Lithuania":{"cname":"立陶宛","iso_a3":"LTU","code":"440"},"Luxembourg":{"cname":"卢森堡","iso_a3":"LUX","code":"442"},"Latvia":{"cname":"拉脱维亚","iso_a3":"LVA","code":"428"},"Morocco":{"cname":"摩洛哥","iso_a3":"MAR","code":"504"},"Moldova":{"cname":"摩尔多瓦","iso_a3":"MDA","code":"498"},"Madagascar":{"cname":"马达加斯加","iso_a3":"MDG","code":"450"},"Mexico":{"cname":"墨西哥","iso_a3":"MEX","code":"484"},"Macedonia":{"cname":"前南马其顿","iso_a3":"MKD","code":"807"},"Mali":{"cname":"马里","iso_a3":"MLI","code":"466"},"Myanmar":{"cname":"缅甸","iso_a3":"MMR","code":"104"},"Mongolia":{"cname":"蒙古","iso_a3":"MNG","code":"496"},"Mozambique":{"cname":"莫桑比克","iso_a3":"MOZ","code":"508"},"Mauritania":{"cname":"毛里塔尼亚","iso_a3":"MRT","code":"478"},"Malawi":{"cname":"马拉维","iso_a3":"MWI","code":"454"},"Malaysia":{"cname":"马来西亚","iso_a3":"MYS","code":"458"},"Namibia":{"cname":"纳米比亚","iso_a3":"NAM","code":"516"},"New Caledonia":{"cname":"新喀里多尼亚","iso_a3":"NCL","code":"540"},"Niger":{"cname":"尼日尔","iso_a3":"NER","code":"562"},"Nigeria":{"cname":"尼日利亚","iso_a3":"NGA","code":"566"},"Nicaragua":{"cname":"尼加拉瓜","iso_a3":"NIC","code":"558"},"Netherlands":{"cname":"荷兰","iso_a3":"NLD","code":"528"},"Norway":{"cname":"挪威","iso_a3":"NOR","code":"578"},"Nepal":{"cname":"尼泊尔","iso_a3":"NPL","code":"524"},"New Zealand":{"cname":"新西兰","iso_a3":"NZL","code":"554"},"Oman":{"cname":"阿曼","iso_a3":"OMN","code":"512"},"Pakistan":{"cname":"巴基斯坦","iso_a3":"PAK","code":"586"},"Panama":{"cname":"巴拿马","iso_a3":"PAN","code":"591"},"Peru":{"cname":"秘鲁","iso_a3":"PER","code":"604"},"Philippines":{"cname":"菲律宾","iso_a3":"PHL","code":"608"},"Papua New Guinea":{"cname":"巴布亚新几内亚","iso_a3":"PNG","code":"598"},"Poland":{"cname":"波兰","iso_a3":"POL","code":"616"},"Puerto Rico":{"cname":"波多黎各","iso_a3":"PRI","code":"630"},"Dem. Rep. Korea":{"cname":"朝鲜","iso_a3":"PRK","code":"408"},"Portugal":{"cname":"葡萄牙","iso_a3":"PRT","code":"620"},"Paraguay":{"cname":"巴拉圭","iso_a3":"PRY","code":"600"},"Qatar":{"cname":"卡塔尔","iso_a3":"QAT","code":"634"},"Russia":{"cname":"俄罗斯联邦","iso_a3":"RUS","code":"643"},"Rwanda":{"cname":"卢旺达","iso_a3":"RWA","code":"646"},"W. Sahara":{"cname":"西撒哈拉","iso_a3":"ESH","code":"732"},"Saudi Arabia":{"cname":"沙特阿拉伯","iso_a3":"SAU","code":"682"},"Sudan":{"cname":"苏丹","iso_a3":"SDN","code":"736"},"Senegal":{"cname":"塞内加尔","iso_a3":"SEN","code":"686"},"Solomon Is.":{"cname":"所罗门群岛","iso_a3":"SLB","code":"90"},"Sierra Leone":{"cname":"塞拉利昂","iso_a3":"SLE","code":"694"},"El Salvador":{"cname":"萨尔瓦多","iso_a3":"SLV","code":"222"},"Somalia":{"cname":"索马里","iso_a3":"SOM","code":"706"},"Suriname":{"cname":"苏里南","iso_a3":"SUR","code":"740"},"Slovakia":{"cname":"斯洛伐克","iso_a3":"SVK","code":"703"},"Slovenia":{"cname":"斯洛文尼亚","iso_a3":"SVN","code":"705"},"Sweden":{"cname":"瑞典","iso_a3":"SWE","code":"752"},"Swaziland":{"cname":"斯威士兰","iso_a3":"SWZ","code":"748"},"Syria":{"cname":"叙利亚","iso_a3":"SYR","code":"760"},"Chad":{"cname":"乍得","iso_a3":"TCD","code":"148"},"Togo":{"cname":"多哥","iso_a3":"TGO","code":"768"},"Thailand":{"cname":"泰国","iso_a3":"THA","code":"764"},"Tajikistan":{"cname":"塔吉克斯坦","iso_a3":"TJK","code":"762"},"Turkmenistan":{"cname":"土库曼斯坦","iso_a3":"TKM","code":"795"},"Trinidad and Tobago":{"cname":"特立尼达和多巴哥","iso_a3":"TTO","code":"780"},"Tunisia":{"cname":"突尼斯","iso_a3":"TUN","code":"788"},"Turkey":{"cname":"土耳其","iso_a3":"TUR","code":"792"},"Taiwan":{"cname":"台湾","iso_a3":"TWN","code":"158"},"Tanzania":{"cname":"坦桑尼亚","iso_a3":"TZA","code":"834"},"Uganda":{"cname":"乌干达","iso_a3":"UGA","code":"800"},"Ukraine":{"cname":"乌克兰","iso_a3":"UKR","code":"804"},"Uruguay":{"cname":"乌拉圭","iso_a3":"URY","code":"858"},"United States":{"cname":"美国","iso_a3":"USA","code":"842"},"Uzbekistan":{"cname":"乌兹别克斯坦","iso_a3":"UZB","code":"860"},"Venezuela":{"cname":"委内瑞拉","iso_a3":"VEN","code":"862"},"Vietnam":{"cname":"越南","iso_a3":"VNM","code":"704"},"Vanuatu":{"cname":"瓦努阿图","iso_a3":"VUT","code":"548"},"Yemen":{"cname":"也门","iso_a3":"YEM","code":"887"},"South Africa":{"cname":"南非","iso_a3":"ZAF","code":"710"},"Zambia":{"cname":"赞比亚","iso_a3":"ZMB","code":"894"},"Zimbabwe":{"cname":"津巴布韦","iso_a3":"ZWE","code":"716"}}
