{"Afghanistan":0,"Albania":2,"Algeria":0,"AND":4,"Angola":0,"ATG":2,"Argentina":2,"Armenia":1,"ABW":3,"Australia":4,"Austria":4,"Azerbaijan":2,"Bahamas":3,"BHR":4,"Bangladesh":0,"BRB":3,"Belarus":2,"Belgium":4,"Belize":1,"Benin":0,"BMU":4,"Bhutan":1,"Bolivia":1,"Bosnia and Herz.":3,"Botswana":0,"Brazil":2,"Brunei":3,"Bulgaria":2,"Burkina Faso":0,"Burundi":0,"Cambodia":0,"Cameroon":0,"Canada":4,"CPV":1,"CYM":3,"Central African Rep.":0,"Chad":0,"Chile":3,"China":2,"Colombia":2,"COM":0,"Congo":0,"ZAR":0,"Costa Rica":2,"C?te d'Ivoire":0,"Croatia":3,"Cuba":1,"Cyprus":3,"Czech Rep.":3,"Dem. Rep. Korea":0,"Denmark":4,"Djibouti":0,"DMA":2,"Dominican Rep.":2,"Ecuador":1,"Egypt":2,"El Salvador":1,"Eq. Guinea":0,"Eritrea":0,"Estonia":3,"Ethiopia":0,"FRO":4,"Fiji":1,"Finland":4,"France":4,"PYF":2,"Gabon":0,"Gambia":0,"Georgia":2,"Germany":4,"Ghana":0,"GIB":3,"Greece":2,"Greenland":3,"GRD":2,"GUM":3,"Guatemala":0,"Guinea":0,"Guinea-Bissau":0,"Guyana":1,"Haiti":0,"Honduras":0,"HKG":3,"Hungary":3,"Iceland":4,"India":0,"Indonesia":0,"Iran":1,"Iraq":0,"Ireland":3,"Israel":3,"Italy":2,"Jamaica":2,"Japan":3,"GBJ":2,"Jordan":2,"Kazakhstan":2,"Kenya":1,"KIR":0,"Korea":4,"Kuwait":3,"Kyrgyzstan":1,"Lao PDR":0,"Latvia":3,"Lebanon":3,"Lesotho":0,"Liberia":0,"LIE":4,"Lithuania":3,"Luxembourg":4,"MAC":3,"Madagascar":0,"Malawi":0,"Malaysia":3,"MDV":1,"Mali":0,"MLT":3,"MHL":0,"Mauritania":0,"MUS":2,"Mexico":1,"FSM":1,"Moldova":2,"Mongolia":0,"MNE":2,"Morocco":2,"Mozambique":0,"Myanmar":0,"Namibia":0,"Nepal":0,"Netherlands":4,"New Caledonia":2,"New Zealand":4,"Nicaragua":0,"Niger":0,"Nigeria":1,"Norway":4,"Oman":3,"Pakistan":0,"Panama":2,"Papua New Guinea":0,"Paraguay":1,"Peru":1,"Philippines":1,"Poland":3,"Portugal":3,"Puerto Rico":2,"Qatar":4,"ROM":2,"Russia":2,"Rwanda":0,"KNA":3,"LCA":2,"WSM":0,"SMR":2,"STP":1,"Saudi Arabia":2,"Senegal":0,"SRB":2,"SYC":2,"Sierra Leone":0,"SGP":3,"Slovakia":4,"Slovenia":3,"Solomon Is.":0,"Somalia":0,"South Africa":2,"Spain":3,"Sri Lanka":0,"VCT":2,"Sudan":1,"Suriname":1,"Swaziland":1,"Sweden":4,"Switzerland":4,"Syria":1,"Macedonia":3,"Tajikistan":0,"Tanzania":0,"Thailand":1,"TLS":0,"Togo":0,"TON":1,"Trinidad and Tobago":2,"Tunisia":2,"Turkey":2,"Turkmenistan":0,"TUV":1,"Uganda":0,"Ukraine":1,"United Arab Emirates":4,"United Kingdom":4,"United States":4,"Uruguay":2,"Uzbekistan":1,"Vanuatu":0,"Venezuela":2,"Vietnam":1,"VIR":2,"Yemen":0,"Zambia":0,"Zimbabwe":0}
