{"Afghanistan":0,"Angola":0,"Albania":0,"United Arab Emirates":0,"Argentina":0,"Armenia":0,"Antarctica":0,"Fr. S. Antarctic Lands":0,"Australia":0,"Austria":0,"Azerbaijan":1,"Burundi":0,"Belgium":0,"Benin":0,"Burkina Faso":1,"Bangladesh":0,"Bulgaria":0,"Bahamas":0,"Bosnia and Herz.":0,"Belarus":0,"Belize":0,"Bolivia":1,"Brazil":2,"Brunei":0,"Bhutan":0,"Botswana":0,"Central African Rep.":0,"Canada":0,"Switzerland":1,"Chile":2,"China":1,"C�te d'Ivoire":2,"Cameroon":1,"Dem. Rep. Congo":1,"Congo":2,"Colombia":3,"Costa Rica":0,"Cuba":0,"N. Cyprus":0,"Cyprus":1,"Czech Rep.":1,"Germany":2,"Djibouti":0,"Denmark":3,"Dominican Rep.":0,"Algeria":0,"Ecuador":4,"Egypt":0,"Eritrea":1,"Spain":0,"Estonia":0,"Ethiopia":2,"Finland":0,"Fiji":0,"Falkland Is.":0,"France":3,"Gabon":3,"United Kingdom":0,"Georgia":2,"Ghana":3,"Guinea":3,"Gambia":0,"Guinea-Bissau":4,"Eq. Guinea":4,"Greece":1,"Greenland":0,"Guatemala":1,"Guyana":3,"Honduras":2,"Croatia":1,"Haiti":1,"Hungary":2,"Indonesia":0,"India":2,"Ireland":1,"Iran":2,"Iraq":3,"Iceland":0,"Israel":1,"Italy":4,"Jamaica":0,"Jordan":4,"Japan":0,"Kazakhstan":2,"Kenya":3,"Kyrgyzstan":3,"Cambodia":0,"Korea":0,"Kosovo":1,"Kuwait":4,"Lao PDR":2,"Lebanon":2,"Liberia":4,"Libya":1,"Sri Lanka":0,"Lesotho":0,"Lithuania":1,"Luxembourg":4,"Latvia":2,"Morocco":1,"Moldova":0,"Madagascar":0,"Mexico":2,"Macedonia":2,"Mali":4,"Myanmar":3,"Montenegro":2,"Mongolia":2,"Mozambique":0,"Mauritania":5,"Malawi":1,"Malaysia":1,"Namibia":1,"New Caledonia":0,"Niger":5,"Nigeria":6,"Nicaragua":3,"Netherlands":3,"Norway":1,"Nepal":3,"New Zealand":0,"Oman":1,"Pakistan":3,"Panama":4,"Peru":5,"Philippines":0,"Papua New Guinea":1,"Poland":3,"Puerto Rico":0,"Dem. Rep. Korea":2,"Portugal":1,"Paraguay":3,"Palestine":5,"Qatar":0,"Romania":3,"Russia":4,"Rwanda":2,"W. Sahara":6,"Saudi Arabia":5,"Sudan":3,"S. Sudan":4,"Senegal":6,"Solomon Is.":0,"Sierra Leone":5,"El Salvador":3,"Somaliland":3,"Somalia":4,"Serbia":4,"Suriname":4,"Slovakia":4,"Slovenia":5,"Sweden":2,"Swaziland":1,"Syria":5,"Chad":6,"Togo":4,"Thailand":4,"Tajikistan":4,"Turkmenistan":3,"Timor-Leste":1,"Trinidad and Tobago":0,"Tunisia":2,"Turkey":6,"Tanzania":4,"Uganda":5,"Ukraine":5,"Uruguay":3,"United States":3,"Uzbekistan":5,"Venezuela":4,"Vietnam":3,"Vanuatu":0,"Yemen":6,"South Africa":2,"Zambia":5,"Zimbabwe":6}
