{"Albania":{"level":0,"value":131.19013351},"Algeria":{"level":1,"value":2079.55},"Angola":{"level":1,"value":1141.97},"ATG":{"level":0,"value":11.76348888},"Argentina":{"level":1,"value":4705.33},"Armenia":{"level":0,"value":99.10387657},"Australia":{"level":2,"value":15206.1},"Austria":{"level":1,"value":3996.49},"Azerbaijan":{"level":1,"value":687.2693899},"Bahamas":{"level":0,"value":81.49004},"Bangladesh":{"level":1,"value":1156.1},"Belarus":{"level":1,"value":632.67029437},"Belgium":{"level":1,"value":4837.09},"Benin":{"level":0,"value":75.57286829},"Bhutan":{"level":0,"value":17.79561112},"Bolivia":{"level":0,"value":270.3511013},"Bosnia and Herz.":{"level":0,"value":170.4758242},"Botswana":{"level":0,"value":144.10980239},"Brazil":{"level":3,"value":22526.6},"Brunei":{"level":0,"value":169.53952625},"Bulgaria":{"level":1,"value":510.30463617},"Burkina Faso":{"level":0,"value":104.41012681},"Burundi":{"level":0,"value":24.71954069},"Cambodia":{"level":0,"value":140.61796429},"Cameroon":{"level":0,"value":249.83980484},"Canada":{"level":3,"value":18214.2},"CPV":{"level":0,"value":18.97350475},"CSS":{"level":1,"value":649.61845884},"Central African Rep.":{"level":0,"value":21.38965636},"Chad":{"level":0,"value":110.18023538},"Chile":{"level":1,"value":2681.88},"China":{"level":3,"value":83583.6},"Colombia":{"level":1,"value":3697.89},"COM":{"level":0,"value":5.959003535},"ZAR":{"level":0,"value":178.6971821},"Congo":{"level":0,"value":136.77928884},"Costa Rica":{"level":0,"value":451.5272022},"C?te d'Ivoire":{"level":0,"value":246.80372724},"Croatia":{"level":1,"value":564.41607483},"Cyprus":{"level":0,"value":229.8096064},"Czech Rep.":{"level":1,"value":1956.57},"Denmark":{"level":1,"value":3142.42},"DMA":{"level":0,"value":4.796388203},"Dominican Rep.":{"level":1,"value":589.51239186},"Ecuador":{"level":1,"value":840.39856},"Egypt":{"level":1,"value":2572.86},"El Salvador":{"level":0,"value":238.644},"Eq. Guinea":{"level":0,"value":176.97394251},"Eritrea":{"level":0,"value":30.91837398},"Estonia":{"level":0,"value":218.54197101},"Ethiopia":{"level":0,"value":431.330731},"ECA":{"level":3,"value":18629.7},"Fiji":{"level":0,"value":38.81890698},"Finland":{"level":1,"value":2500.24},"France":{"level":3,"value":26128.8},"Gabon":{"level":0,"value":186.61104043},"Gambia":{"level":0,"value":9.17292053},"Georgia":{"level":0,"value":158.29225459},"Germany":{"level":3,"value":33995.9},"Ghana":{"level":0,"value":407.10781539},"Greece":{"level":1,"value":2490.99},"GRD":{"level":0,"value":7.895424043999999},"Guatemala":{"level":1,"value":505.44684808},"Guinea":{"level":0,"value":67.67919333},"Guinea-Bissau":{"level":0,"value":8.974082143},"Guyana":{"level":0,"value":28.50572407},"Haiti":{"level":0,"value":78.43484458},"HPC":{"level":1,"value":5099.93},"NOC":{"level":3,"value":51013.5},"Honduras":{"level":0,"value":185.28362334},"HKG":{"level":1,"value":2632.59},"Hungary":{"level":1,"value":1255.08},"Iceland":{"level":0,"value":136.5653288},"India":{"level":3,"value":18417.2},"Indonesia":{"level":1,"value":8781.93},"Iraq":{"level":1,"value":2102.8},"Ireland":{"level":1,"value":2103.31},"Italy":{"level":3,"value":20132.6},"Jamaica":{"level":0,"value":148.39858411},"Japan":{"level":3,"value":59597.2},"Jordan":{"level":0,"value":312.43324},"Kazakhstan":{"level":1,"value":2004.85},"Kenya":{"level":0,"value":373.38072592},"KIR":{"level":0,"value":1.7570925659999999},"Korea":{"level":2,"value":11296},"KSV":{"level":0,"value":62.37563675},"Kyrgyzstan":{"level":0,"value":64.73175648},"Lao PDR":{"level":0,"value":92.98926552},"LCN":{"level":3,"value":58236.3},"LAC":{"level":3,"value":53431.5},"Latvia":{"level":0,"value":283.24131627},"LDC":{"level":1,"value":7033.54},"Lebanon":{"level":0,"value":429.45273632},"Lesotho":{"level":0,"value":24.47573299},"Liberia":{"level":0,"value":17.67121781},"Lithuania":{"level":0,"value":420.86555101},"LIC":{"level":1,"value":5010.01},"LMC":{"level":3,"value":48101.9},"Luxembourg":{"level":1,"value":571.17125225},"MAC":{"level":0,"value":435.82271462},"Macedonia":{"level":0,"value":96.1736488},"Madagascar":{"level":0,"value":99.75124872},"Malawi":{"level":0,"value":42.63794984},"Malaysia":{"level":1,"value":3035.26},"MDV":{"level":0,"value":22.2242933},"Mali":{"level":0,"value":103.08146676},"MLT":{"level":0,"value":87.21923077},"MHL":{"level":0,"value":1.869012},"Mauritania":{"level":0,"value":41.99051817},"MUS":{"level":0,"value":104.92013574},"Mexico":{"level":2,"value":11779.6},"FSM":{"level":0,"value":3.272},"Moldova":{"level":0,"value":72.54113625},"Mongolia":{"level":0,"value":102.71393281},"MNE":{"level":0,"value":42.31452},"Morocco":{"level":1,"value":959.81572517},"Mozambique":{"level":0,"value":145.8770935},"Namibia":{"level":0,"value":130.72278943},"Nepal":{"level":0,"value":194.14664133},"Netherlands":{"level":1,"value":7722.27},"New Zealand":{"level":1,"value":1673.47},"Nicaragua":{"level":0,"value":105.07356838},"Niger":{"level":0,"value":65.68231896},"Nigeria":{"level":1,"value":2626.06},"Norway":{"level":1,"value":4996.67},"OSS":{"level":1,"value":968.85992342},"PSS":{"level":0,"value":77.79405014},"Pakistan":{"level":1,"value":2311.82},"PLW":{"level":0,"value":2.2841573530000003},"Panama":{"level":0,"value":362.525},"Papua New Guinea":{"level":0,"value":156.53921367},"Paraguay":{"level":0,"value":255.02060502},"Peru":{"level":1,"value":1969.61},"Philippines":{"level":1,"value":2501.82},"Poland":{"level":1,"value":4897.95},"Portugal":{"level":1,"value":2124.54},"Puerto Rico":{"level":1,"value":1014.96},"ROM":{"level":1,"value":1693.96},"Russia":{"level":3,"value":20147.8},"Rwanda":{"level":0,"value":71.03000861},"WSM":{"level":0,"value":6.770413507000001},"STP":{"level":0,"value":2.637290265},"Saudi Arabia":{"level":1,"value":7110.5},"Senegal":{"level":0,"value":141.59758386},"SRB":{"level":0,"value":374.8893501},"SYC":{"level":0,"value":10.32178034},"Sierra Leone":{"level":0,"value":37.96030045},"SGP":{"level":1,"value":2747.01},"Slovakia":{"level":1,"value":916.04615385},"Slovenia":{"level":0,"value":452.80384615},"SST":{"level":1,"value":1695.22},"Solomon Is.":{"level":0,"value":10.08424232},"South Africa":{"level":1,"value":3843.13},"SAS":{"level":3,"value":22893.3},"SSD":{"level":0,"value":93.37312682},"Spain":{"level":2,"value":13493.5},"Sri Lanka":{"level":1,"value":594.21426075},"KNA":{"level":0,"value":7.484925719},"LCA":{"level":0,"value":11.86225298},"VCT":{"level":0,"value":7.125890743999999},"SSF":{"level":2,"value":13059.9},"SSA":{"level":2,"value":12882.2},"Sudan":{"level":1,"value":587.68800833},"Suriname":{"level":0,"value":47.3818182},"Swaziland":{"level":0,"value":37.46506333},"Sweden":{"level":1,"value":5257.42},"Switzerland":{"level":1,"value":6321.94},"Syria":{"level":1,"value":736.72408036},"Tajikistan":{"level":0,"value":69.86537406},"Tanzania":{"level":0,"value":282.48844763},"Thailand":{"level":1,"value":3659.66},"TMP":{"level":0,"value":12.927},"Togo":{"level":0,"value":38.1383465},"TON":{"level":0,"value":4.715912443},"Trinidad and Tobago":{"level":0,"value":239.85710493},"Tunisia":{"level":0,"value":456.62043358},"Turkey":{"level":1,"value":7892.57},"Turkmenistan":{"level":0,"value":336.78947368},"TUV":{"level":0,"value":0.3687458069},"Uganda":{"level":0,"value":198.81412441},"Ukraine":{"level":1,"value":1763.1},"United Kingdom":{"level":3,"value":24351.7},"United States":{"level":4,"value":156848},"Uruguay":{"level":0,"value":490.5970518},"Uzbekistan":{"level":1,"value":511.12745669},"Vanuatu":{"level":0,"value":7.853567165},"Venezuela":{"level":1,"value":3812.86},"Vietnam":{"level":1,"value":1416.69},"Yemen":{"level":0,"value":356.45823132},"Zambia":{"level":0,"value":206.78025802},"Zimbabwe":{"level":0,"value":108.13914265}}
