[
    { "id": "Afghanistan", "cname": "阿富汗", "display": true },
    { "id": "Angola", "cname": "安哥拉", "display": true },
    { "id": "Albania", "cname": "阿尔巴尼亚", "display": false },
    { "id": "United Arab Emirates", "cname": "阿联酋", "display": false },
    { "id": "Argentina", "cname": "阿根廷", "display": true },
    { "id": "Armenia", "cname": "亚美尼亚", "display": false },
    { "id": "Antarctica", "cname": "南极洲", "display": true },
    { "id": "Fr. S. Antarctic Lands", "cname": "法属南部领土", "display": false },
    { "id": "Australia", "cname": "澳大利亚", "display": true },
    { "id": "Austria", "cname": "奥地利", "display": false },
    { "id": "Azerbaijan", "cname": "阿塞拜疆", "display": false },
    { "id": "Burundi", "cname": "布隆迪", "display": false },
    { "id": "Belgium", "cname": "比利时", "display": false },
    { "id": "Benin", "cname": "贝宁", "display": false },
    { "id": "Burkina Faso", "cname": "布基纳法索", "display": false },
    { "id": "Bangladesh", "cname": "孟加拉国", "display": false },
    { "id": "Bulgaria", "cname": "保加利亚", "display": false },
    { "id": "Bahamas", "cname": "巴哈马", "display": true },
    { "id": "Bosnia and Herz.", "cname": "波黑", "display": false },
    { "id": "Belarus", "cname": "白俄罗斯", "display": true },
    { "id": "Belize", "cname": "伯利兹", "display": false },
    { "id": "Bolivia", "cname": "玻利维亚", "display": true },
    { "id": "Brazil", "cname": "巴西", "display": true },
    { "id": "Brunei", "cname": "文莱", "display": false },
    { "id": "Bhutan", "cname": "不丹", "display": true },
    { "id": "Botswana", "cname": "博茨瓦纳", "display": true },
    { "id": "Central African Rep.", "cname": "中非", "display": false },
    { "id": "Canada", "cname": "加拿大", "display": true },
    { "id": "Switzerland", "cname": "瑞士", "display": false },
    { "id": "Chile", "cname": "智利", "display": true },
    { "id": "China", "cname": "中国", "display": true },
    { "id": "C?te d'Ivoire", "cname": "科特迪瓦", "display": false },
    { "id": "Cameroon", "cname": "喀麦隆", "display": true },
    { "id": "Dem. Rep. Congo", "cname": "刚果（金）", "display": false },
    { "id": "Congo", "cname": "刚果（布）", "display": false },
    { "id": "Colombia", "cname": "哥伦比亚", "display": true },
    { "id": "Costa Rica", "cname": "哥斯达黎加", "display": true },
    { "id": "Cuba", "cname": "古巴", "display": true },
    { "id": "Cyprus", "cname": "塞浦路斯", "display": false },
    { "id": "Czech Rep.", "cname": "捷克", "display": false },
    { "id": "Germany", "cname": "德国", "display": true },
    { "id": "Djibouti", "cname": "吉布提", "display": false },
    { "id": "Denmark", "cname": "丹麦", "display": false },
    { "id": "Dominican Rep.", "cname": "多米尼加共和国", "display": false },
    { "id": "Algeria", "cname": "阿尔及利亚", "display": false },
    { "id": "Ecuador", "cname": "厄瓜多尔", "display": true },
    { "id": "Egypt", "cname": "埃及", "display": true },
    { "id": "Eritrea", "cname": "厄立特里亚", "display": true },
    { "id": "Spain", "cname": "西班牙", "display": false },
    { "id": "Estonia", "cname": "爱沙尼亚", "display": false },
    { "id": "Ethiopia", "cname": "埃塞俄比亚", "display": true },
    { "id": "Finland", "cname": "芬兰", "display": true },
    { "id": "Fiji", "cname": "斐济", "display": true },
    { "id": "Falkland Is.", "cname": "福克兰群岛(马尔维纳斯)", "display": false },
    { "id": "France", "cname": "法国", "display": true },
    { "id": "Gabon", "cname": "加蓬", "display": true },
    { "id": "United Kingdom", "cname": "英国", "display": true },
    { "id": "Georgia", "cname": "格鲁吉亚", "display": false },
    { "id": "Ghana", "cname": "加纳", "display": false },
    { "id": "Guinea", "cname": "几内亚", "display": false },
    { "id": "Gambia", "cname": "冈比亚Gambia", "display": false },
    { "id": "Guinea-Bissau", "cname": "几内亚比绍", "display": false },
    { "id": "Eq. Guinea", "cname": "赤道几内亚", "display": false },
    { "id": "Greece", "cname": "希腊", "display": true },
    { "id": "Greenland", "cname": "格陵兰", "display": true },
    { "id": "Guatemala", "cname": "危地马拉", "display": true },
    { "id": "Guyana", "cname": "圭亚那", "display": false },
    { "id": "Honduras", "cname": "洪都拉斯", "display": false },
    { "id": "Croatia", "cname": "克罗地亚", "display": false },
    { "id": "Haiti", "cname": "海地", "display": true },
    { "id": "Hungary", "cname": "匈牙利", "display": false },
    { "id": "Indonesia", "cname": "印度尼西亚", "display": true },
    { "id": "India", "cname": "印度", "display": true },
    { "id": "Ireland", "cname": "爱尔兰", "display": false },
    { "id": "Iran", "cname": "伊朗", "display": true },
    { "id": "Iraq", "cname": "伊拉克", "display": true },
    { "id": "Iceland", "cname": "冰岛", "display": true },
    { "id": "Israel", "cname": "以色列", "display": false },
    { "id": "Italy", "cname": "意大利", "display": true },
    { "id": "Jamaica", "cname": "牙买加", "display": false },
    { "id": "Jordan", "cname": "约旦", "display": false },
    { "id": "Japan", "cname": "日本", "display": true },
    { "id": "Kazakhstan", "cname": "哈萨克斯坦", "display": true },
    { "id": "Kenya", "cname": "肯尼亚", "display": true },
    { "id": "Kyrgyzstan", "cname": "吉尔吉斯斯坦", "display": true },
    { "id": "Cambodia", "cname": "柬埔寨", "display": false },
    { "id": "Korea", "cname": "韩国", "display": true },
    { "id": "Kuwait", "cname": "科威特", "display": false },
    { "id": "Lao PDR", "cname": "老挝", "display": false },
    { "id": "Lebanon", "cname": "黎巴嫩", "display": false },
    { "id": "Liberia", "cname": "利比里亚", "display": true },
    { "id": "Libya", "cname": "利比亚", "display": true },
    { "id": "Sri Lanka", "cname": "斯里兰卡", "display": true },
    { "id": "Lesotho", "cname": "莱索托", "display": true },
    { "id": "Lithuania", "cname": "立陶宛", "display": false },
    { "id": "Luxembourg", "cname": "卢森堡", "display": false },
    { "id": "Latvia", "cname": "拉脱维亚", "display": false },
    { "id": "Morocco", "cname": "摩洛哥", "display": true },
    { "id": "Moldova", "cname": "摩尔多瓦", "display": false },
    { "id": "Madagascar", "cname": "马达加斯加", "display": true },
    { "id": "Mexico", "cname": "墨西哥", "display": true },
    { "id": "Macedonia", "cname": "前南马其顿", "display": false },
    { "id": "Mali", "cname": "马里", "display": false },
    { "id": "Myanmar", "cname": "缅甸", "display": true },
    { "id": "Mongolia", "cname": "蒙古", "display": true },
    { "id": "Mozambique", "cname": "莫桑比克", "display": false },
    { "id": "Mauritania", "cname": "毛里塔尼亚", "display": true },
    { "id": "Malawi", "cname": "马拉维", "display": false },
    { "id": "Malaysia", "cname": "马来西亚", "display": true },
    { "id": "Namibia", "cname": "纳米比亚", "display": false },
    { "id": "New Caledonia", "cname": "新喀里多尼亚", "display": false },
    { "id": "Niger", "cname": "尼日尔", "display": true },
    { "id": "Nigeria", "cname": "尼日利亚", "display": true },
    { "id": "Nicaragua", "cname": "尼加拉瓜", "display": false },
    { "id": "Netherlands", "cname": "荷兰", "display": false },
    { "id": "Norway", "cname": "挪威", "display": true },
    { "id": "Nepal", "cname": "尼泊尔", "display": false },
    { "id": "New Zealand", "cname": "新西兰", "display": true },
    { "id": "Oman", "cname": "阿曼", "display": false },
    { "id": "Pakistan", "cname": "巴基斯坦", "display": true },
    { "id": "Panama", "cname": "巴拿马", "display": false },
    { "id": "Peru", "cname": "秘鲁", "display": true },
    { "id": "Philippines", "cname": "菲律宾", "display": true },
    { "id": "Papua New Guinea", "cname": "巴布亚新几内亚", "display": true },
    { "id": "Poland", "cname": "波兰", "display": false },
    { "id": "Puerto Rico", "cname": "波多黎各", "display": false },
    { "id": "Dem. Rep. Korea", "cname": "朝鲜", "display": true },
    { "id": "Portugal", "cname": "葡萄牙", "display": false },
    { "id": "Paraguay", "cname": "巴拉圭", "display": false },
    { "id": "Qatar", "cname": "卡塔尔", "display": false },
    { "id": "Russia", "cname": "俄罗斯联邦", "display": true },
    { "id": "Rwanda", "cname": "卢旺达", "display": true },
    { "id": "W. Sahara", "cname": "西撒哈拉", "display": false },
    { "id": "Saudi Arabia", "cname": "沙特阿拉伯", "display": true },
    { "id": "Sudan", "cname": "苏丹", "display": false },
    { "id": "Senegal", "cname": "塞内加尔", "display": true },
    { "id": "Solomon Is.", "cname": "所罗门群岛", "display": false },
    { "id": "Sierra Leone", "cname": "塞拉利昂", "display": false },
    { "id": "El Salvador", "cname": "萨尔瓦多", "display": false },
    { "id": "Somalia", "cname": "索马里", "display": true },
    { "id": "Suriname", "cname": "苏里南", "display": false },
    { "id": "Slovakia", "cname": "斯洛伐克", "display": false },
    { "id": "Slovenia", "cname": "斯洛文尼亚", "display": false },
    { "id": "Sweden", "cname": "瑞典", "display": true },
    { "id": "Swaziland", "cname": "斯威士兰", "display": false },
    { "id": "Syria", "cname": "叙利亚", "display": false },
    { "id": "Chad", "cname": "乍得", "display": false },
    { "id": "Togo", "cname": "多哥", "display": false },
    { "id": "Thailand", "cname": "泰国", "display": true },
    { "id": "Tajikistan", "cname": "塔吉克斯坦", "display": false },
    { "id": "Turkmenistan", "cname": "土库曼斯坦", "display": false },
    { "id": "Trinidad and Tobago", "cname": "特立尼达和多巴哥", "display": false },
    { "id": "Tunisia", "cname": "突尼斯", "display": true },
    { "id": "Turkey", "cname": "土耳其", "display": true },
    { "id": "Taiwan", "cname": "台湾", "display": false },
    { "id": "Tanzania", "cname": "坦桑尼亚", "display": true },
    { "id": "Uganda", "cname": "乌干达", "display": false },
    { "id": "Ukraine", "cname": "乌克兰", "display": false },
    { "id": "Uruguay", "cname": "乌拉圭", "display": false },
    { "id": "United States", "cname": "美国", "display": true },
    { "id": "Uzbekistan", "cname": "乌兹别克斯坦", "display": false },
    { "id": "Venezuela", "cname": "委内瑞拉", "display": true },
    { "id": "Vietnam", "cname": "越南", "display": false },
    { "id": "Vanuatu", "cname": "瓦努阿图", "display": false },
    { "id": "Yemen", "cname": "也门", "display": false },
    { "id": "South Africa", "cname": "南非", "display": true },
    { "id": "Zambia", "cname": "赞比亚", "display": false },
    { "id": "Zimbabwe", "cname": "津巴布韦", "display": false }
]
